<?xml version="1.0" encoding="utf-8"?>
<!--
     Copyright 2014 Google Inc. All rights reserved.

     Licensed under the Apache License, Version 2.0 (the "License");
     you may not use this file except in compliance with the License.
     You may obtain a copy of the License at

          http://www.apache.org/licenses/LICENSE-2.0

     Unless required by applicable law or agreed to in writing, software
     distributed under the License is distributed on an "AS IS" BASIS,
     WITHOUT WARRANTIES OR CONDITIONS OF ANY KIND, either express or implied.
     See the License for the specific language governing permissions and
     limitations under the License.
-->
<manifest xmlns:android="http://schemas.android.com/apk/res/android">
    <application android:icon="@drawable/app_icon"
                 android:label="@string/app_name">
        <activity android:name="com.google.unity.GoogleUnityActivity"
                  android:label="@string/app_name"
                  android:screenOrientation="landscape"
                  android:launchMode="singleTask"
                  android:configChanges="mcc|mnc|locale|touchscreen|keyboard|keyboardHidden|navigation|orientation|screenLayout|uiMode|screenSize|smallestScreenSize|fontScale">
            <intent-filter>
                <action android:name="android.intent.action.MAIN" />
                <category android:name="android.intent.category.LAUNCHER" />
                <category android:name="com.google.intent.category.CARDBOARD" />
            </intent-filter>
            <meta-data android:name="unityplayer.UnityActivity" android:value="true" />
        </activity>
        <meta-data android:name="IMMERSIVE_MODE" android:value="true" />
    </application>
    <uses-sdk android:minSdkVersion="16" />
    <uses-feature android:glEsVersion="0x00020000" />
    <uses-feature android:name="android.hardware.sensor.accelerometer" android:required="true"/>
    <uses-feature android:name="android.hardware.sensor.gyroscope" android:required="true"/>
    <uses-permission android:name="android.permission.NFC"/>
    <uses-permission android:name="android.permission.READ_EXTERNAL_STORAGE" />
    <uses-permission android:name="android.permission.WRITE_EXTERNAL_STORAGE" />
    <uses-permission android:name="android.permission.INTERNET" />
</manifest>
